ticker,Company Name,Net Cash from / (used in) Operating Activities,Net Cash from / (used in) Investing Activities,Net Cash from / (used in) Financing Activities,Cash and Cash Equivalents at End of Period
PNR.AX,Pantoro Ltd,"-4,258,000","20,098,000","-1,864,000","44,467,000"
TLG.AX,Talga Group Ltd,,,,
ARX.AX,Aroa Biosurgery Ltd,,,,
MDR.AX,Medadvisor Ltd,,,,
MAY.AX,Melbana Energy Ltd,,,,
VIT.AX,Vitura Health Ltd,,,,
EL8.AX,Elevate Uranium Ltd,,,,
ONE.AX,Oneview Healthcare PLC,,,,
MLG.AX,MLG OZ Ltd,,,,
DBF.AX,Duxton Farms Ltd,,,,
SHV.AX,Select Harvests Ltd,,,,
ASG.AX,Autosports Group Ltd,,,,
SGLLV.AX,Ricegrowers Ltd,,,,
HLO.AX,Helloworld Travel Ltd,,,,
ALK.AX,Alkane Resources Ltd,,,,
COE.AX,Cooper Energy Ltd,,,,
KPG.AX,Kelly Partners Group Holdings Ltd,,,,
SXE.AX,Southern Cross Electrical Engineering Ltd,,,,
STP.AX,Step One Clothing Ltd,,,,
FRI.AX,Finbar Group Ltd,,,,
29M.AX,29Metals Ltd,,,,
DSE.AX,Dropsuite Ltd,,,,
A2B.AX,A2B Australia Ltd,,,,
CAA.AX,Capral Ltd,,,,
CYG.AX,Coventry Group Ltd,,,,
EGG.AX,Enero Group Ltd,,,,
BTH.AX,Bigtincan Holdings Ltd,,,,
KOV.AX,Korvest Ltd,,,,
SXG.AX,Southern Cross Gold Ltd,,,,
ECL.AX,Excelsior Capital Ltd,,,,
VMT.AX,Vmoto Ltd,,,,
AYUPA.AX,Australian Unity Ltd,,,,
FND.AX,Findi Ltd,,,,
ARE.AX,Orpheus Uranium NL,,,,
AVG.AX,Australian Vintage Ltd,,,,
WA1.AX,WA1 Resources Ltd,,,,
MEM.AX,Memphasys Ltd,,,,
SHG.AX,Singular Health Group Ltd,,,,
LGI.AX,LGI Ltd,,,,
CKA.AX,Cokal Ltd,,,,
GLA.AX,Gladiator Resources Ltd,,,,
FHS.AX,Freehill Mining Ltd,,,,
BFC.AX,Beston Global Food Company Ltd,,,,
BOC.AX,Bougainville Copper Ltd,,,,
CZR.AX,Czr Resources Ltd,,,,
EM2.AX,Eagle Mountain Mining Ltd,,,,
MKR.AX,Manuka Resources Ltd,,,,
WNX.AX,Wellnex Life Ltd,,,,
G6M.AX,Group 6 Metals Ltd,,,,
MTC.AX,Metalstech Ltd,,,,
PBH.AX,Pointsbet Holdings Ltd,,,,
AMD.AX,Arrow Minerals Ltd,,,,
BIT.AX,Biotron Ltd,,,,
WCN.AX,White Cliff Minerals Ltd,,,,
EQR.AX,EQ Resources Ltd,,,,
SGC.AX,Sacgasco Ltd,,,,
MKG.AX,Mako Gold Ltd,,,,
IOD.AX,Iodm Ltd,,,,
IMR.AX,Imricor Medical Systems Inc,,,,
NRZ.AX,NeuRizer Ltd,,,,
EVR.AX,EV Resources Ltd,,,,
PXX.AX,Polarx Ltd,,,,
SPN.AX,Sparc Technologies Ltd,,,,
WWI.AX,West Wits Mining Ltd,,,,
ENV.AX,Enova Mining Ltd,,,,
BAS.AX,Bass Oil Ltd,,,,
BUY.AX,Bounty Oil and Gas NL,,,,
BMG.AX,BMG Resources Ltd,,,,
EOL.AX,Energy One Ltd,,,,
VRC.AX,Volt Resources Ltd,,,,
QGL.AX,Quantum Graphite Ltd,,,,
PFG.AX,Prime Financial Group Ltd,,,,
NIM.AX,Nimy Resources Ltd,,,,
ARN.AX,Aldoro Resources Ltd,,,,
1MC.AX,Morella Corporation Ltd,,,,
KZR.AX,Kalamazoo Resources Ltd,,,,
NHE.AX,Noble Helium Ltd,,,,
GUE.AX,Global Uranium and Enrichment Ltd,,,,
RIM.AX,Rimfire Pacific Mining Ltd,,,,
RHY.AX,Rhythm Biosciences Ltd,,,,
PNX.AX,PNX Metals Ltd,,,,
RKN.AX,Reckon Ltd,,,,
VNL.AX,Vinyl Group Ltd,,,,
PVE.AX,PO Valley Energy Ltd,,,,
CPV.AX,ClearVue Technologies Ltd,,,,
LV1.AX,Live Verdure Ltd,,,,
WTM.AX,Waratah Minerals Ltd,,,,
ZNC.AX,Zenith Minerals Ltd,,,,
CXU.AX,Cauldron Energy Ltd,,,,
EEL.AX,ENRG Elements Ltd,,,,
DTZ.AX,Dotz Nano Ltd,,,,
AAU.AX,Antilles Gold Ltd,,,,
LDX.AX,Lumos Diagnostics Holdings Ltd,,,,
UNT.AX,Unith Ltd,,,,
BRX.AX,Belararox Ltd,,,,
IND.AX,Industrial Minerals Ltd,,,,
EV1.AX,Evolution Energy Minerals Ltd,,,,
SMN.AX,Structural Monitoring Systems PLC,,,,
GAS.AX,State Gas Ltd,,,,
GGE.AX,Grand Gulf Energy Ltd,,,,
3DP.AX,Pointerra Ltd,,,,
ARV.AX,Artemis Resources Ltd,,,,
TTT.AX,Titomic Ltd,,,,
VMM.AX,Viridis Mining and Minerals Ltd,,,,
BUX.AX,Buxton Resources Ltd,,,,
TNC.AX,True North Copper Ltd,,,,
CAN.AX,Cann Group Ltd,,,,
CG1.AX,Carbonxt Group Ltd,,,,
AUE.AX,Aurum Resources Ltd,,,,
NET.AX,Netlinkz Ltd,,,,
BLU.AX,Blue Energy Ltd,,,,
AAR.AX,Astral Resources NL,,,,
EIQ.AX,EchoIQ Ltd,,,,
SUV.AX,Suvo Strategic Minerals Ltd,,,,
PTL.AX,Prestal Holdings Ltd,,,,
GTE.AX,Great Western Exploration Ltd,,,,
CPM.AX,Cooper Metals Ltd,,,,
HMX.AX,Hammer Metals Ltd,,,,
BIS.AX,Bisalloy Steel Group Ltd,,,,
AUN.AX,Aurumin Ltd,,,,
RAD.AX,Radiopharm Theranostics Ltd,,,,
CBE.AX,Cobre Ltd,,,,
HAR.AX,Haranga Resources Ltd,,,,
VAL.AX,Valor Resources Ltd,,,,
PIL.AX,Peppermint Innovation Ltd,,,,
EMD.AX,Emyria Ltd,,,,
PNN.AX,Power Minerals Ltd,,,,
PCK.AX,PainChek Ltd,,,,
QXR.AX,QX Resources Ltd,,,,
BIO.AX,Biome Australia Ltd,,,,
MMA.AX,Maronan Metals Ltd,,,,
CLA.AX,Celsius Resources Ltd,,,,
DCC.AX,Digitalx Ltd,,,,
BCM.AX,Brazilian Critical Minerals Ltd,,,,
SHN.AX,Sunshine Metals Ltd,,,,
VMS.AX,Venture Minerals Ltd,,,,
GTR.AX,GTI Energy Ltd,,,,
SPQ.AX,Superior Resources Ltd,,,,
PGY.AX,Pilot Energy Ltd,,,,
IPT.AX,Impact Minerals Ltd,,,,
WMG.AX,Western Mines Group Ltd,,,,
LEL.AX,Lithium Energy Ltd,,,,
JGH.AX,Jade Gas Holdings Ltd,,,,
MIL.AX,Millennium Services Group Ltd,,,,
OZM.AX,Ozaurum Resources Ltd,,,,
MXR.AX,Maximus Resources Ltd,,,,
TMK.AX,TMK Energy Ltd,,,,
TMS.AX,Tennant Minerals Ltd,,,,
AKP.AX,Audio Pixels Holdings Ltd,,,,
BML.AX,Boab Metals Ltd,,,,
ZEO.AX,Zeotech Ltd,,,,
CMP.AX,Compumedics Ltd,,,,
FLX.AX,Felix Group Holdings Ltd,,,,
OJC.AX,Original Juice Co Ltd,,,,
VEE.AX,VEEM Ltd,,,,
LRV.AX,Larvotto Resources Ltd,,,,
LMG.AX,Latrobe Magnesium Ltd,,,,
KNG.AX,Kingsland Minerals Ltd,,,,
BOL.AX,Boom Logistics Ltd,,,,
CNQ.AX,Clean TeQ Water Ltd,,,,
ASH.AX,Ashley Services Group Ltd,,,,
PGD.AX,Peregrine Gold Ltd,,,,
ATV.AX,ActivePort Group Ltd,,,,
ECS.AX,ECS Botanics Holdings Ltd,,,,
WIN.AX,Widgie Nickel Ltd,,,,
MMC.AX,Mitre Mining Corporation Ltd,,,,
CAV.AX,Carnavale Resources Ltd,,,,
MGU.AX,Magnum Mining and Exploration Ltd,,,,
1AE.AX,Aurora Energy Metals Ltd,,,,
SRN.AX,Surefire Resources NL,,,,
MHC.AX,Manhattan Corp Ltd,,,,
PUR.AX,Pursuit Minerals Ltd,,,,
IDA.AX,Indiana Resources Ltd,,,,
TSI.AX,Top Shelf International Holdings Ltd,,,,
KIN.AX,Kin Mining NL,,,,
TOE.AX,Toro Energy Ltd,,,,
DRE.AX,Dreadnought Resources Ltd,,,,
TOR.AX,Torque Metals Ltd,,,,
AUC.AX,Ausgold Ltd,,,,
TVN.AX,Tivan Ltd,,,,
FAR.AX,FAR Ltd,,,,
AX8.AX,Accelerate Resources Ltd,,,,
FBM.AX,Future Battery Minerals Ltd,,,,
GRE.AX,Greentech Metals Ltd,,,,
POS.AX,Poseidon Nickel Ltd,,,,
CXM.AX,Centrex Ltd,,,,
BM8.AX,Battery Age Minerals Ltd,,,,
MEU.AX,Marmota Ltd,,,,
AHX.AX,Apiam Animal Health Ltd,,,,
EQN.AX,Barrick Resources (Australia) Pty Ltd,,,,
HIO.AX,Hawsons Iron Ltd,,,,
JLL.AX,Jindalee Lithium Ltd,,,,
BSX.AX,Blackstone Minerals Ltd,,,,
AQC.AX,Australian Pacific Coal Ltd,,,,
SVL.AX,Silver Mines Ltd,,,,
BSN.AX,Basin Energy Ltd,,,,
CHM.AX,Chimeric Therapeutics Ltd,,,,
FL1.AX,First Lithium Ltd,,,,
MPA.AX,Mad Paws Holdings Ltd,,,,
AV1.AX,Adveritas Ltd,,,,
AON.AX,Apollo Minerals Ltd,,,,
RTR.AX,Rumble Resources Ltd,,,,
DCG.AX,Decmil Group Ltd,,,,
LCL.AX,LCL Resources Ltd,,,,
VEN.AX,Vintage Energy Ltd,,,,
HAV.AX,Havilah Resources Ltd,,,,
RDG.AX,Resource Development Group Ltd,,,,
MRL.AX,Mayur Resources Ltd,,,,
RCE.AX,Recce Pharmaceuticals Ltd,,,,
AW1.AX,American West Metals Ltd,,,,
CHR.AX,Charger Metals NL,,,,
AEV.AX,Avenira Ltd,,,,
OEC.AX,Orbital Corporation Ltd,,,,
POD.AX,Podium Minerals Ltd,,,,
AL3.AX,AML3D Ltd,,,,
KOB.AX,Koba Resources Ltd,,,,
WOA.AX,Wide Open Agriculture Ltd,,,,
VML.AX,Vital Metals Ltd,,,,
KAU.AX,Kaiser Reef Ltd,,,,
BLG.AX,BluGlass Ltd,,,,
RXL.AX,Rox Resources Ltd,,,,
OAU.AX,Ora Gold Ltd,,,,
CEL.AX,Challenger Gold Ltd,,,,
MGT.AX,Magnetite Mines Ltd,,,,
MAU.AX,Magnetic Resources NL,,,,
BCN.AX,Beacon Minerals Ltd,,,,
IDT.AX,IDT Australia Ltd,,,,
FGR.AX,First Graphene Ltd,,,,
WSP.AX,Whispir Ltd,,,,
LOM.AX,Lucapa Diamond Co Ltd,,,,
AWJ.AX,Auric Mining Ltd,,,,
5GN.AX,5G Networks Ltd,,,,
CRD.AX,Conrad Asia Energy Ltd,,,,
IXR.AX,Ionic Rare Earths Ltd,,,,
PCL.AX,Pancontinental Energy NL,,,,
COS.AX,Cosol Ltd,,,,
ACR.AX,Acrux Ltd,,,,
MNB.AX,Minbos Resources Ltd,,,,
BGD.AX,Barton Gold Holdings Ltd,,,,
ADO.AX,Anteotech Ltd,,,,
MEK.AX,Meeka Metals Ltd,,,,
IVZ.AX,Invictus Energy Ltd,,,,
PPL.AX,Pureprofile Ltd,,,,
STM.AX,Sunstone Metals Ltd,,,,
ALA.AX,Arovella Therapeutics Ltd,,,,
BTR.AX,Brightstar Resources Ltd,,,,
SGA.AX,Sarytogan Graphite Ltd,,,,
OSL.AX,Oncosil Medical Ltd,,,,
LIT.AX,Lithium Australia Ltd,,,,
ACF.AX,Acrow Ltd,,,,
GBR.AX,Great Boulder Resources Ltd,,,,
PIQ.AX,Proteomics International Laboratories Ltd,,,,
BBN.AX,Baby Bunting Group Ltd,,,,
92E.AX,92 Energy Ltd,,,,
PVT.AX,Pivotal Metals Ltd,,,,
BPH.AX,BPH Energy Ltd,,,,
ETR.AX,Entyr Ltd,,,,
BKT.AX,Black Rock Mining Ltd,,,,
TEG.AX,Triangle Energy (Global) Ltd,,,,
COB.AX,Cobalt Blue Holdings Ltd,,,,
ODA.AX,Orcoda Ltd,,,,
MX1.AX,Micro-X Ltd,,,,
RDM.AX,Red Metal Ltd,,,,
PAA.AX,Pharmaust Ltd,,,,
DUG.AX,DUG Technology Ltd,,,,
CRR.AX,Critical Resources Ltd,,,,
SGQ.AX,St George Mining Ltd,,,,
IVR.AX,Investigator Resources Ltd,,,,
RXM.AX,Rex Minerals Ltd,,,,
LRK.AX,Lark Distilling Co Ltd,,,,
VR1.AX,Vection Technologies Ltd,,,,
NXM.AX,Nexus Minerals Ltd,,,,
MWY.AX,Midway Ltd,,,,
HNG.AX,Hancock & Gore Ltd,,,,
ART.AX,Airtasker Ltd,,,,
LPD.AX,Lepidico Ltd,,,,
SNT.AX,Syntara Ltd,,,,
YRL.AX,Yandal Resources Ltd,,,,
SDV.AX,SciDev Ltd,,,,
ASO.AX,Aston Minerals Ltd,,,,
NDO.AX,Nido Education Ltd,,,,
AEE.AX,Aura Energy Ltd,,,,
IIQ.AX,INOVIQ Ltd,,,,
SPX.AX,Spenda Ltd,,,,
SDI.AX,SDI Ltd,,,,
FBR.AX,FBR Ltd,,,,
NVA.AX,Nova Minerals Ltd,,,,
DTC.AX,Damstra Holdings Ltd,,,,
ARR.AX,American Rare Earths Ltd,,,,
AZY.AX,Antipa Minerals Ltd,,,,
WKT.AX,Walkabout Resources Ltd,,,,
ICI.AX,Icandy Interactive Ltd,,,,
CSS.AX,Clean Seas Seafood Ltd,,,,
LLI.AX,Loyal Lithium Ltd,,,,
PTX.AX,Prescient Therapeutics Ltd,,,,
KAI.AX,Kairos Minerals Ltd,,,,
AT1.AX,Atomo Diagnostics Ltd,,,,
BYE.AX,Byron Energy Ltd,,,,
PNM.AX,Pacific Nickel Mines Ltd,,,,
VVA.AX,Viva Leisure Ltd,,,,
BNL.AX,Blue Star Helium Ltd,,,,
HCL.AX,Highcom Ltd,,,,
WIA.AX,WIA Gold Ltd,,,,
AKM.AX,Aspire Mining Ltd,,,,
ST1.AX,Spirit Technology Solutions Ltd,,,,
MCP.AX,McPherson's Ltd,,,,
XAM.AX,Xanadu Mines Ltd,,,,
NC1.AX,Nico Resources Ltd,,,,
EYE.AX,Nova Eye Medical Ltd,,,,
TLM.AX,Talisman Mining Ltd,,,,
ENR.AX,Encounter Resources Ltd,,,,
CUF.AX,Cufe Ltd,,,,
LSX.AX,Lion Selection Group Ltd,,,,
CC9.AX,Chariot Corp Ltd,,,,
CE1.AX,Calima Energy Ltd,,,,
RDN.AX,Raiden Resources Ltd,,,,
STN.AX,Saturn Metals Ltd,,,,
COI.AX,Comet Ridge Ltd,,,,
ATP.AX,Atlas Pearls Ltd,,,,
ADX.AX,Adx Energy Ltd,,,,
ALC.AX,Alcidion Group Ltd,,,,
EUR.AX,European Lithium Ltd,,,,
TBR.AX,Tribune Resources Ltd,,,,
QIP.AX,QANTM Intellectual Property Ltd,,,,
BC8.AX,Black Cat Syndicate Ltd,,,,
BNR.AX,Bulletin Resources Ltd,,,,
TCG.AX,Turaco Gold Ltd,,,,
EVS.AX,Envirosuite Ltd,,,,
VYS.AX,Vysarn Ltd,,,,
NWC.AX,New World Resources Ltd,,,,
ADN.AX,Andromeda Metals Ltd,,,,
AGN.AX,Argenica Therapeutics Ltd,,,,
EMV.AX,EMvision Medical Devices Ltd,,,,
RZI.AX,Raiz Invest Ltd,,,,
HPG.AX,Hipages Group Holdings Ltd,,,,
PH2.AX,Pure Hydrogen Corporation Ltd,,,,
EXP.AX,Experience Co Ltd,,,,
CGR.AX,CGN Resources Ltd,,,,
RTH.AX,Ras Technology Holdings Ltd,,,,
IMB.AX,Intelligent Monitoring Group Ltd,,,,
LBL.AX,LaserBond Ltd,,,,
MZZ.AX,Matador Mining Ltd,,,,
S2R.AX,S2 Resources Ltd,,,,
CAI.AX,Calidus Resources Ltd,,,,
BBT.AX,Bluebet Holdings Ltd,,,,
ACE.AX,Acusensus Ltd,,,,
MBH.AX,Maggie Beer Holdings Ltd,,,,
NXS.AX,Next Science Ltd,,,,
PEX.AX,Peel Mining Ltd,,,,
ATC.AX,Altech Batteries Ltd,,,,
CY5.AX,Cygnus Metals Ltd,,,,
GRX.AX,GreenX Metals Ltd,,,,
EGL.AX,Environmental Group Ltd,,,,
LPM.AX,Lithium Plus Minerals Ltd,,,,
INF.AX,Infinity Lithium Corporation Ltd,,,,
KYP.AX,Kinatico Ltd,,,,
RFX.AX,Redflow Ltd,,,,
KCN.AX,Kingsgate Consolidated Ltd,,,,
AR3.AX,Australian Rare Earths Ltd,,,,
HGO.AX,Hillgrove Resources Ltd,,,,
CLX.AX,CTI Logistics Ltd,,,,
4DS.AX,4DS Memory Ltd,,,,
MRR.AX,Minrex Resources Ltd,,,,
XRF.AX,XRF Scientific Ltd,,,,
GAL.AX,Galileo Mining Ltd,,,,
KSN.AX,Kingston Resources Ltd,,,,
TYX.AX,Tyranna Resources Ltd,,,,
HIT.AX,Hitech Group Australia Ltd,,,,
UBI.AX,Universal Biosensors Inc,,,,
SMI.AX,Santana Minerals Ltd,,,,
SOP.AX,Synertec Corporation Ltd,,,,
HZR.AX,Hazer Group Ltd,,,,
SPZ.AX,Smart Parking Ltd,,,,
TG6.AX,TG Metals Ltd,,,,
NOV.AX,Novatti Group Ltd,,,,
CVV.AX,Caravel Minerals Ltd,,,,
TRJ.AX,Trajan Group Holdings Ltd,,,,
ENL.AX,Enlitic Inc,,,,
MSV.AX,Mitchell Services Ltd,,,,
CYP.AX,Cynata Therapeutics Ltd,,,,
EXR.AX,Elixir Energy Ltd,,,,
WGN.AX,Wagners Holding Company Ltd,,,,
ACW.AX,Actinogen Medical Ltd,,,,
3DA.AX,Amaero International Ltd,,,,
PRO.AX,Prophecy International Holdings Ltd,,,,
JAN.AX,Janison Education Group Ltd,,,,
MMI.AX,Metro Mining Ltd,,,,
ATH.AX,Alterity Therapeutics Ltd,,,,
CCX.AX,City Chic Collective Ltd,,,,
MCE.AX,Matrix Composites & Engineering Ltd,,,,
QOR.AX,Qoria Ltd,,,,
SRL.AX,Sunrise Energy Metals Ltd,,,,
SXL.AX,Southern Cross Media Group Ltd,,,,
IR1.AX,IRIS Metals Ltd,,,,
CCR.AX,Credit Clear Ltd,,,,
VHT.AX,Volpara Health Technologies Ltd,,,,
HCH.AX,Hot Chili Ltd,,,,
SSG.AX,Shaver Shop Group Ltd,,,,
KM1.AX,Kali Metals Ltd,,,,
MI6.AX,Minerals 260 Ltd,,,,
RAC.AX,Race Oncology Ltd,,,,
OMA.AX,Omega Oil & Gas Ltd,,,,
AGY.AX,Argosy Minerals Ltd,,,,
AHL.AX,Adrad Holdings Ltd,,,,
MXI.AX,Maxiparts Ltd,,,,
VHM.AX,Vhm Ltd,,,,
3PL.AX,3P Learning Ltd,,,,
PBP.AX,Probiotec Ltd,,,,
HFR.AX,Highfield Resources Ltd,,,,
BRN.AX,BrainChip Holdings Ltd,,,,
EBR.AX,EBR Systems Inc,,,,
DXB.AX,Dimerix Ltd,,,,
ORR.AX,Orecorp Ltd,,,,
MLS.AX,Metals Australia Ltd,,,,
FDV.AX,Frontier Digital Ventures Ltd,,,,
MAN.AX,Mandrake Resources Ltd,,,,
PEK.AX,Peak Rare Earths Ltd,,,,
EQX.AX,Equatorial Resources Ltd,,,,
GLN.AX,Galan Lithium Ltd,,,,
DSK.AX,Dusk Group Ltd,,,,
CAT.AX,Catapult Group International Ltd,,,,
GT1.AX,Green Technology Metals Ltd,,,,
AIM.AX,Ai-Media Technologies Ltd,,,,
FFM.AX,Firefly Metals Ltd,,,,
PER.AX,Percheron Therapeutics Ltd,,,,
BRL.AX,Bathurst Resources Ltd,,,,
EEG.AX,Empire Energy Group Ltd,,,,
IPX.AX,Iperionx Ltd,,,,
GOW.AX,Gowing Bros. Ltd,,,,
MCA.AX,Murray Cod Australia Ltd,,,,
CNB.AX,Carnaby Resources Ltd,,,,
PEN.AX,Peninsula Energy Ltd,,,,
CYC.AX,Cyclopharm Ltd,,,,
GSS.AX,Genetic Signatures Ltd,,,,
88E.AX,88 Energy Ltd,,,,
BOT.AX,Botanix Pharmaceuticals Ltd,,,,
BRU.AX,Buru Energy Ltd,,,,
NAM.AX,Namoi Cotton Ltd,,,,
PSQ.AX,Pacific Smiles Group Ltd,,,,
VLS.AX,Vita Life Sciences Ltd,,,,
B4P.AX,Beforepay Group Ltd,,,,
SWP.AX,Swoop Holdings Ltd,,,,
CAJ.AX,Capitol Health Ltd,,,,
OBM.AX,Ora Banda Mining Ltd,,,,
AIS.AX,Aeris Resources Ltd,,,,
NMT.AX,Neometals Ltd,,,,
OCC.AX,Orthocell Ltd,,,,
ARL.AX,Ardea Resources Ltd,,,,
LIN.AX,Lindian Resources Ltd,,,,
ANG.AX,Austin Engineering Ltd,,,,
RDY.AX,Readytech Holdings Ltd,,,,
IPG.AX,IPD Group Ltd,,,,
MHJ.AX,Michael Hill International Ltd,,,,
GHY.AX,Gold Hydrogen Ltd,,,,
SHJ.AX,Shine Justice Ltd,,,,
PSC.AX,Prospect Resources Ltd,,,,
E25.AX,Element 25 Ltd,,,,
UNI.AX,Universal Store Holdings Ltd,,,,
AXE.AX,Archer Materials Ltd,,,,
DEV.AX,DevEx Resources Ltd,,,,
IRI.AX,Integrated Research Ltd,,,,
RFG.AX,Retail Food Group Ltd,,,,
ASN.AX,Anson Resources Ltd,,,,
CYM.AX,Cyprium Metals Ltd,,,,
AZL.AX,Arizona Lithium Ltd,,,,
PGC.AX,Paragon Care Ltd,,,,
A1N.AX,ARN Media Ltd,,,,
M7T.AX,Mach7 Technologies Ltd,,,,
CYL.AX,Catalyst Metals Ltd,,,,
SFX.AX,Sheffield Resources Ltd,,,,
EVO.AX,Embark Early Education Ltd,,,,
NTU.AX,Northern Minerals Ltd,,,,
AND.AX,Ansarada Group Ltd,,,,
AVL.AX,Australian Vanadium Ltd,,,,
MVP.AX,Medical Developments International Ltd,,,,
MTO.AX,MotorCycle Holdings Ltd,,,,
DNA.AX,Donaco International Ltd,,,,
ENN.AX,Elanor Investors Group,,,,
PYC.AX,PYC Therapeutics Ltd,,,,
PDI.AX,Predictive Discovery Ltd,,,,
ADH.AX,Adairs Ltd,,,,
BRK.AX,Brookside Energy Ltd,,,,
CHL.AX,Camplify Holdings Ltd,,,,
LIS.AX,Li-S Energy Ltd,,,,
TSK.AX,TASK Group Holdings Limited,,,,
LM8.AX,Lunnon Metals Ltd,,,,
KRM.AX,Kingsrose Mining Ltd,,,,
BUB.AX,Bubs Australia Ltd,,,,
QPM.AX,Queensland Pacific Metals Ltd,,,,
ABY.AX,Adore Beauty Group Ltd,,,,
MAP.AX,Microba Life Sciences Ltd,,,,
INR.AX,ioneer Ltd,,,,
CGS.AX,CogState Ltd,,,,
LPI.AX,Lithium Power International Ltd,,,,
HHR.AX,Hartshead Resources NL,,,,
DUB.AX,Dubber Corp Ltd,,,,
NXD.AX,NextEd Group Ltd,,,,
EGR.AX,Ecograf Ltd,,,,
SLH.AX,Silk Logistics Holdings Ltd,,,,
GTN.AX,GTN Ltd,,,,
CAY.AX,Canyon Resources Ltd,,,,
AVR.AX,Anteris Technologies Ltd,,,,
A1M.AX,AIC Mines Ltd,,,,
LKE.AX,Lake Resources NL,,,,
BRI.AX,Big River Industries Ltd,,,,
SPL.AX,Starpharma Holdings Ltd,,,,
SLC.AX,Superloop Ltd,,,,
MEI.AX,Meteoric Resources NL,,,,
NTD.AX,National Tyre & Wheel Ltd,,,,
BVS.AX,Bravura Solutions Ltd,,,,
SRX.AX,Sierra Rutile Holdings Ltd,,,,
SHM.AX,Shriro Holdings Ltd,,,,
BEZ.AX,Besra Gold Inc,,,,
STK.AX,Strickland Metals Ltd,,,,
PAR.AX,Paradigm Biopharmaceuticals Ltd,,,,
IDX.AX,Integral Diagnostics Ltd,,,,
OEL.AX,Otto Energy Ltd,,,,
AMA.AX,AMA Group Ltd,,,,
CTM.AX,Centaurus Metals Ltd,,,,
RUL.AX,RPMGlobal Holdings Ltd,,,,
ATG.AX,Articore Group Ltd,,,,
SYM.AX,Symbio Holdings Ltd,,,,
GL1.AX,Global Lithium Resources Ltd,,,,
LGL.AX,Lynch Group Holdings Ltd,,,,
BET.AX,Betmakers Technology Group Ltd,,,,
AGE.AX,Alligator Energy Ltd,,,,
IPD.AX,ImpediMed Ltd,,,,
DGL.AX,DGL Group Ltd,,,,
AGI.AX,Ainsworth Game Technology Ltd,,,,
PLY.AX,Playside Studios Ltd,,,,
AMI.AX,Aurelia Metals Ltd,,,,
SPR.AX,Spartan Resources Ltd,,,,
SVM.AX,Sovereign Metals Ltd,,,,
KSC.AX,K&S Corporation Ltd,,,,
PPE.AX,PeopleIn Ltd,,,,
PPK.AX,PPK Group Ltd,,,,
HAS.AX,Hastings Technology Metals Ltd,,,,
HZN.AX,Horizon Oil Ltd,,,,
TER.AX,Terracom Ltd,,,,
ATA.AX,Atturra Ltd,,,,
IGL.AX,IVE Group Ltd,,,,
JRV.AX,Jervois Global Ltd,,,,
ASM.AX,Australian Strategic Materials Ltd,,,,
JYC.AX,Joyce Corporation Ltd,,,,
IMA.AX,Image Resources NL,,,,
PPS.AX,Praemium Ltd,,,,
CEH.AX,Coast Entertainment Holdings Ltd,,,,
FWD.AX,Fleetwood Ltd,,,,
EHL.AX,Emeco Holdings Ltd,,,,
GNP.AX,GenusPlus Group Ltd,,,,
SRG.AX,SRG Global Ltd,,,,
TBN.AX,Tamboran Resources Ltd,,,,
4DX.AX,4DMedical Ltd,,,,
BRE.AX,Brazilian Rare Earths Ltd,,,,
REX.AX,Regional Express Holdings Ltd,,,,
CLG.AX,Close The Loop Ltd,,,,
JMS.AX,Jupiter Mines Ltd,,,,
PWR.AX,Peter Warren Automotive Holdings Ltd,,,,
LRS.AX,Latin Resources Ltd,,,,
LAU.AX,Lindsay Australia Ltd,,,,
OMH.AX,OM Holdings Ltd,,,,
WR1.AX,Winsome Resources Ltd,,,,
APX.AX,Appen Ltd,,,,
SWM.AX,Seven West Media Ltd,,,,
DRO.AX,DroneShield Ltd,,,,
DUR.AX,Duratec Ltd,,,,
ARU.AX,Arafura Rare Earths Ltd,,,,
BCB.AX,Bowen Coking Coal Ltd,,,,
EOS.AX,Electro Optic Systems Holdings Ltd,,,,
EML.AX,EML Payments Ltd,,,,
CCV.AX,Cash Converters International Ltd,,,,
CXL.AX,Calix Ltd,,,,
BKY.AX,Berkeley Energia Ltd,,,,
FEX.AX,Fenix Resources Ltd,,,,
TRS.AX,Reject Shop Ltd,,,,
MSB.AX,Mesoblast Ltd,,,,
PGH.AX,Pact Group Holdings Ltd,,,,
VUL.AX,Vulcan Energy Resources Ltd,,,,
NVX.AX,NOVONIX Ltd,,,,
LYL.AX,Lycopodium Ltd,,,,
SYR.AX,Syrah Resources Ltd,,,,
GNG.AX,GR Engineering Services Ltd,,,,
OPT.AX,Opthea Ltd,,,,
SHA.AX,SHAPE Australia Corp Ltd,,,,
MYX.AX,Mayne Pharma Group Ltd,,,,
BSE.AX,Base Resources Ltd,,,,
IMM.AX,Immutep Ltd,,,,
CHN.AX,Chalice Mining Ltd,,,,
DLI.AX,Delta Lithium Ltd,,,,
MLX.AX,Metals X Ltd,,,,
CXO.AX,Core Lithium Ltd,,,,
RNU.AX,Renascor Resources Ltd,,,,
SYA.AX,Sayona Mining Ltd,,,,
CVN.AX,Carnarvon Energy Ltd,,,,
BDM.AX,Burgundy Diamond Mines Ltd,,,,
MAH.AX,Macmahon Holdings Ltd,,,,
SBM.AX,St Barbara Ltd,,,,
OFX.AX,OFX Group Ltd,,,,
LTP.AX,LTR Pharma Ltd,,,,
NTI.AX,Neurotech International Ltd,,,,